,Car_names,Brands,year,Price,kms_driven,fuel_type
0,Mahindra Jeep CL550,Mahindra,2006,425000,40,Diesel
2,Hyundai Grand i10,Hyundai,2014,325000,28000,Petrol
3,Ford EcoSport Titanium,Ford,2014,575000,36000,Diesel
5,Ford Figo,Ford,2012,175000,41000,Diesel
6,Hyundai Eon,Hyundai,2013,190000,25000,Petrol
7,Ford EcoSport Ambiente,Ford,2016,830000,24530,Diesel
8,Maruti Suzuki Alto,Maruti,2015,250000,60000,Petrol
9,Skoda Fabia Classic,Skoda,2010,182000,60000,Petrol
10,Maruti Suzuki Stingray,Maruti,2015,315000,30000,Petrol
11,Hyundai Elite i20,Hyundai,2014,415000,32000,Petrol
12,Mahindra Scorpio SLE,Mahindra,2015,320000,48660,Diesel
13,Hyundai Santro Xing,Hyundai,2007,80000,45000,Petrol
14,Mahindra Jeep CL550,Mahindra,2006,425000,40,Diesel
15,Audi A8,Audi,2017,1000000,4000,Petrol
16,Audi Q7,Audi,2014,500000,16934,Diesel
17,Mahindra Scorpio S10,Mahindra,2016,350000,43000,Diesel
18,Maruti Suzuki Alto,Maruti,2014,160000,35550,Petrol
19,Mahindra Scorpio S10,Mahindra,2016,350000,43000,Diesel
20,Mahindra Scorpio S10,Mahindra,2016,310000,39522,Diesel
21,Maruti Suzuki Alto,Maruti,2015,75000,39000,Petrol
22,Hyundai i20 Sportz,Hyundai,2012,100000,55000,Petrol
23,Hyundai i20 Sportz,Hyundai,2012,100000,55000,Petrol
24,Hyundai i20 Sportz,Hyundai,2012,100000,55000,Petrol
25,Maruti Suzuki Alto,Maruti,2017,190000,72000,Petrol
26,Maruti Suzuki Vitara,Maruti,2016,290000,15975,Diesel
27,Maruti Suzuki Alto,Maruti,2008,95000,70000,Petrol
28,Mahindra Bolero DI,Mahindra,2017,180000,23452,Diesel
29,Maruti Suzuki Swift,Maruti,2014,385000,35522,Diesel
30,Mahindra Scorpio S10,Mahindra,2015,250000,48508,Diesel
31,Maruti Suzuki Swift,Maruti,2017,180000,15487,Petrol
32,Maruti Suzuki Wagon,Maruti,2013,105000,39000,Petrol
33,Maruti Suzuki Wagon,Maruti,2013,105000,39000,Petrol
34,Toyota Innova 2.0,Toyota,2012,650000,82000,Diesel
35,Renault Lodgy 85,Renault,2018,689999,20000,Diesel
36,Skoda Yeti Ambition,Skoda,2012,448000,68000,Diesel
37,Maruti Suzuki Baleno,Maruti,2017,549000,32000,Diesel
38,Renault Duster 110,Renault,2012,501000,38000,Diesel
39,Renault Duster 85,Renault,2013,489999,27000,Diesel
40,Honda City 1.5,Honda,2011,280000,33000,Petrol
41,Maruti Suzuki Alto,Maruti,2015,250000,60000,Petrol
42,Maruti Suzuki Dzire,Maruti,2013,349999,46000,Diesel
43,Honda Amaze,Honda,2013,284999,46000,Diesel
44,Honda Amaze 1.5,Honda,2015,345000,36000,Diesel
45,Honda City,Honda,2015,499999,55000,Petrol
46,Datsun Redi GO,Datsun,2017,235000,16000,Petrol
47,Maruti Suzuki SX4,Maruti,2010,249999,36000,Petrol
48,Mitsubishi Pajero Sport,Mitsubishi,2015,1475000,47000,Diesel
49,Mahindra Bolero DI,Mahindra,2017,180000,23452,Diesel
50,Maruti Suzuki Swift,Maruti,2014,385000,35522,Diesel
51,Mahindra Scorpio S10,Mahindra,2015,250000,48508,Diesel
52,Maruti Suzuki Swift,Maruti,2017,180000,15487,Petrol
53,Maruti Suzuki Wagon,Maruti,2013,105000,39000,Petrol
54,Maruti Suzuki Wagon,Maruti,2013,105000,39000,Petrol
55,Mahindra Scorpio S10,Mahindra,2015,395000,35000,Diesel
56,Maruti Suzuki Swift,Maruti,2017,220000,30874,Petrol
57,Honda City ZX,Honda,2017,170000,15000,Diesel
58,Maruti Suzuki Wagon,Maruti,2013,85000,29685,Petrol
59,Ford Figo,Ford,2012,175000,41000,Diesel
60,Hyundai Eon,Hyundai,2013,190000,25000,Petrol
61,Tata Indigo eCS,Tata,2017,200000,130000,Diesel
62,Ford EcoSport Ambiente,Ford,2016,830000,24530,Diesel
63,Tata Indigo eCS,Tata,2017,200000,130000,Diesel
64,Mahindra Scorpio SLE,Mahindra,2012,570000,19000,Diesel
65,Volkswagen Polo Highline,Volkswagen,2014,315000,60000,Petrol
66,Skoda Fabia Classic,Skoda,2010,182000,60000,Petrol
67,Maruti Suzuki Stingray,Maruti,2015,315000,30000,Petrol
69,Chevrolet Spark LS,Chevrolet,2010,110000,41000,Petrol
70,Renault Duster 110PS,Renault,2012,501000,35000,Diesel
71,Honda City,Honda,2015,448999,54000,Petrol
72,Mini Cooper S,Mini,2013,1891111,13000,Petrol
73,Datsun Redi GO,Datsun,2017,235000,16000,Petrol
74,Skoda Fabia 1.2L,Skoda,2011,159500,38200,Diesel
75,Honda Amaze,Honda,2015,344999,22000,Petrol
76,Honda Amaze,Honda,2015,344999,22000,Petrol
77,Renault Duster,Renault,2014,449999,50000,Diesel
78,Mini Cooper S,Mini,2013,1891111,13500,Petrol
79,Mahindra Scorpio S4,Mahindra,2015,865000,30000,Diesel
80,Mahindra Scorpio VLX,Mahindra,2014,699000,50000,Diesel
81,Mahindra Quanto C8,Mahindra,2013,375000,20000,Diesel
82,Ford EcoSport,Ford,2017,489999,39000,Petrol
83,Honda Brio,Honda,2012,224999,30000,Petrol
85,Volkswagen Vento Highline,Volkswagen,2019,1200000,3600,Diesel
86,Hyundai i20 Magna,Hyundai,2009,195000,32000,Petrol
87,Toyota Corolla Altis,Toyota,2010,351000,38000,Diesel
88,Hyundai Verna Transform,Hyundai,2008,160000,45000,Petrol
89,Toyota Corolla Altis,Toyota,2009,240000,35000,Petrol
90,Honda City 1.5,Honda,2005,90000,50000,Petrol
91,Hyundai Elite i20,Hyundai,2014,415000,32000,Petrol
92,Skoda Fabia 1.2L,Skoda,2011,155000,45863,Diesel
93,BMW 3 Series,BMW,2011,600000,60500,Petrol
94,Maruti Suzuki A,Maruti,2011,189500,12500,Petrol
95,Toyota Etios GD,Toyota,2013,350000,60000,Diesel
96,Ford Figo Diesel,Ford,2012,210000,35000,Diesel
97,Maruti Suzuki Swift,Maruti,2014,390000,35000,Petrol
98,Chevrolet Beat LT,Chevrolet,2012,135000,45000,Diesel
99,BMW 7 Series,BMW,2009,1600000,35000,Petrol
100,Mahindra XUV500 W8,Mahindra,2013,701000,38000,Diesel
101,Hyundai i10 Magna,Hyundai,2014,265000,18000,Petrol
102,Hyundai Verna Fluidic,Hyundai,2015,525000,35000,Diesel
103,Maruti Suzuki Swift,Maruti,2013,372000,13349,Petrol
104,Maruti Suzuki Ertiga,Maruti,2016,635000,29000,Petrol
105,Ford EcoSport Titanium,Ford,2014,550000,44000,Diesel
106,Maruti Suzuki Ertiga,Maruti,2016,575000,29000,Petrol
107,Maruti Suzuki Ertiga,Maruti,2013,485000,42000,Diesel
108,Maruti Suzuki Alto,Maruti,2012,155000,14000,Petrol
109,Hyundai Grand i10,Hyundai,2014,345000,49000,Diesel
110,Honda Amaze 1.2,Honda,2014,325000,42000,Petrol
111,Hyundai i20 Asta,Hyundai,2012,329500,36200,Diesel
112,Ford Figo Diesel,Ford,2014,195000,50000,Diesel
113,Maruti Suzuki Eeco,Maruti,2015,251111,55000,Petrol
114,Maruti Suzuki Ertiga,Maruti,2014,569999,45000,Petrol
115,Maruti Suzuki Esteem,Maruti,2007,69999,51000,Petrol
116,Maruti Suzuki Ritz,Maruti,2014,299999,19000,Petrol
117,Maruti Suzuki Dzire,Maruti,2009,220000,46000,Petrol
118,Maruti Suzuki Ritz,Maruti,2013,399999,33000,Diesel
119,Maruti Suzuki Swift,Maruti,2013,372000,13349,Petrol
120,Maruti Suzuki Dzire,Maruti,2015,450000,104000,Diesel
121,Toyota Etios Liva,Toyota,2014,270000,55000,Petrol
122,Hyundai i20 Sportz,Hyundai,2011,350000,33333,Diesel
123,Chevrolet Spark,Chevrolet,2012,158400,33600,Petrol
124,Maruti Suzuki Alto,Maruti,2017,350000,5600,Petrol
125,Nissan Micra XV,Nissan,2011,179000,41000,Petrol
126,Maruti Suzuki Swift,Maruti,2007,125000,70000,Petrol
127,Maruti Suzuki Alto,Maruti,2018,200000,7500,Petrol
128,Honda Amaze 1.5,Honda,2013,299000,45000,Diesel
129,Maruti Suzuki Alto,Maruti,2015,220000,38000,Petrol
130,Chevrolet Beat,Chevrolet,2015,150000,30000,Petrol
132,Honda City 1.5,Honda,2010,285000,35000,Petrol
133,Ford EcoSport Trend,Ford,2016,830000,24330,Diesel
134,Hyundai i20 Asta,Hyundai,2009,210000,65480,Petrol
135,Maruti Suzuki Swift,Maruti,2013,340000,41000,Petrol
136,Tata Indica V2,Tata,2006,90000,20000,Petrol
138,Hindustan Motors Ambassador,Hindustan,2000,70000,200000,Diesel
139,Toyota Corolla Altis,Toyota,2010,289999,70000,Petrol
140,Toyota Corolla Altis,Toyota,2012,349999,59000,Petrol
141,Toyota Innova 2.5,Toyota,2012,849999,99000,Diesel
142,Volkswagen Jetta Highline,Volkswagen,2014,749999,46000,Diesel
143,Volkswagen Polo Comfortline,Volkswagen,2015,399999,2800,Petrol
144,Volkswagen Polo,Volkswagen,2014,274999,32000,Petrol
145,Mahindra Scorpio,Mahindra,2015,984999,22000,Diesel
146,Renault Duster,Renault,2014,449999,50000,Diesel
147,Honda Amaze,Honda,2015,344999,22000,Petrol
148,Nissan Sunny,Nissan,2012,224999,45000,Petrol
149,Hyundai Elite i20,Hyundai,2018,599999,21000,Petrol
150,Renault Kwid,Renault,2016,244999,11000,Petrol
151,Renault Duster,Renault,2013,399999,41000,Diesel
152,Ford EcoSport,Ford,2017,489999,39000,Petrol
153,Renault Duster,Renault,2014,474999,50000,Diesel
154,Mahindra Scorpio VLX,Mahindra,2011,499999,66000,Diesel
155,Maruti Suzuki Alto,Maruti,2018,310000,3000,Petrol
156,Chevrolet Spark LT,Chevrolet,2010,85000,45000,Petrol
157,Datsun Redi GO,Datsun,2016,245000,7000,Petrol
158,Maruti Suzuki Swift,Maruti,2010,189500,38500,Diesel
159,Fiat Punto Emotion,Fiat,2012,169500,37200,Diesel
160,Maruti Suzuki Swift,Maruti,2010,159500,43200,Diesel
161,Toyota Etios GD,Toyota,2013,275000,24800,Petrol
162,Hyundai i20 Sportz,Hyundai,2014,370000,60000,Diesel
163,Hyundai i10 Sportz,Hyundai,2010,168000,45872,Petrol
164,Chevrolet Beat LT,Chevrolet,2011,150000,40000,Diesel
165,Chevrolet Beat LS,Chevrolet,2011,145000,45000,Diesel
166,Chevrolet Beat LT,Chevrolet,2012,98500,38000,Diesel
167,Mahindra Scorpio VLX,Mahindra,2014,699000,50000,Diesel
168,Tata Indigo CS,Tata,2011,85000,11400,Diesel
169,Toyota Corolla Altis,Toyota,2015,575000,42000,Petrol
170,Honda City 1.5,Honda,2014,549000,39000,Petrol
171,Maruti Suzuki Swift,Maruti,2011,209000,47000,Diesel
172,Hyundai Eon Era,Hyundai,2013,185000,27000,Petrol
173,Mahindra Scorpio S10,Mahindra,2015,900000,97200,Diesel
174,Mahindra XUV500,Mahindra,2014,699999,52000,Diesel
175,Honda Brio,Honda,2012,224999,30000,Petrol
176,Ford Fiesta,Ford,2011,274999,55000,Diesel
177,Honda Amaze,Honda,2013,284999,46000,Diesel
178,Honda City,Honda,2015,599999,30000,Diesel
179,Maruti Suzuki Wagon,Maruti,2012,199999,44000,Petrol
180,Honda City,Honda,2014,544999,45000,Diesel
181,Hyundai i20,Hyundai,2009,199000,31000,Petrol
182,Tata Indigo eCS,Tata,2016,320000,175430,Diesel
183,Hyundai Fluidic Verna,Hyundai,2015,540000,38000,Diesel
184,Mahindra Quanto C8,Mahindra,2013,340000,37000,Diesel
185,Fiat Petra ELX,Fiat,2008,75000,65000,Petrol
186,Skoda Fabia 1.2L,Skoda,2011,159500,38200,Diesel
187,Mini Cooper S,Mini,2013,1891111,13000,Petrol
188,Hyundai Santro Xing,Hyundai,2005,49000,7500,Petrol
189,Maruti Suzuki Ciaz,Maruti,2016,700000,3350,Petrol
190,Maruti Suzuki Zen,Maruti,2000,55000,60000,Petrol
191,Honda City,Honda,2015,448999,54000,Petrol
192,Hyundai Creta 1.6,Hyundai,2017,895000,32000,Petrol
193,Mahindra Scorpio SLX,Mahindra,2007,355000,75000,Diesel
194,Mahindra Scorpio SLE,Mahindra,2012,565000,62000,Diesel
195,Toyota Innova 2.5,Toyota,2006,365000,73000,Diesel
196,Maruti Suzuki Alto,Maruti,2011,145000,41000,Petrol
197,Maruti Suzuki Wagon,Maruti,2011,210000,35000,Petrol
198,Tata Nano Cx,Tata,2013,40000,2200,Petrol
199,Maruti Suzuki Alto,Maruti,2013,125000,39000,Petrol
200,Maruti Suzuki Wagon,Maruti,2009,135000,45000,Petrol
201,Maruti Suzuki Swift,Maruti,2006,135000,45000,Petrol
202,Tata Sumo Victa,Tata,2012,285000,65000,Diesel
203,Maruti Suzuki Wagon,Maruti,2010,145000,54870,Petrol
204,Maruti Suzuki Alto,Maruti,2010,135000,34580,Petrol
205,Volkswagen Passat Diesel,Volkswagen,2009,450000,97000,Diesel
206,Renault Scala RxL,Renault,2015,375000,25000,Diesel
207,Mahindra Quanto C8,Mahindra,2013,375000,20000,Diesel
208,Hyundai Grand i10,Hyundai,2014,365000,20000,Petrol
209,Hyundai i20 Active,Hyundai,2015,500000,18000,Petrol
210,Mahindra Xylo E4,Mahindra,2012,400000,35000,Diesel
211,Mahindra Jeep MM,Mahindra,2019,390000,60,Diesel
212,Renault Duster 110PS,Renault,2012,501000,35000,Diesel
213,Mahindra Bolero SLE,Mahindra,2013,330000,80200,Diesel
214,Force Motors Force,Force,2015,580000,3200,Diesel
215,Maruti Suzuki SX4,Maruti,2012,265000,46000,Diesel
216,Mahindra Jeep CL550,Mahindra,2019,379000,0,Diesel
217,Maruti Suzuki Alto,Maruti,2015,219000,5000,Petrol
218,Mahindra Jeep CL550,Mahindra,2018,385000,588,Diesel
219,Toyota Etios,Toyota,2011,275000,36000,Diesel
220,Volkswagen Polo,Volkswagen,2015,330000,38000,Diesel
221,Honda City ZX,Honda,2008,110000,45000,Petrol
222,Maruti Suzuki Wagon,Maruti,2006,80000,71200,Petrol
223,Honda City VX,Honda,2016,519000,52000,Diesel
224,Mahindra Thar CRDe,Mahindra,2016,730000,29000,Diesel
225,Mitsubishi Pajero Sport,Mitsubishi,2015,1475000,47000,Diesel
226,Audi A4 1.8,Audi,2009,699000,47000,Petrol
227,Mercedes Benz GLA,Mercedes,2015,2000000,20000,Diesel
228,Land Rover Freelander,Land,2015,2100000,30000,Diesel
229,Renault Kwid RXT,Renault,2017,340000,5000,Petrol
230,Tata Aria Pleasure,Tata,2014,390000,35000,Diesel
231,Mercedes Benz B,Mercedes,2014,1400000,31000,Petrol
232,Datsun GO T,Datsun,2016,245000,7000,Petrol
233,Tata Indigo eCS,Tata,2016,320000,175430,Diesel
234,Tata Indigo eCS,Tata,2016,320000,175400,Diesel
235,Honda Jazz VX,Honda,2016,450000,41000,Petrol
236,Honda Amaze 1.2,Honda,2014,311000,33000,Petrol
237,Honda Amaze,Honda,2013,284999,46000,Diesel
238,Honda City,Honda,2012,399999,45000,Petrol
239,Honda City,Honda,2015,599999,39000,Diesel
240,Honda Amaze,Honda,2015,344999,22000,Petrol
241,Audi A4 1.8,Audi,2009,699000,47000,Petrol
242,Force Motors Force,Force,2015,580000,3200,Diesel
243,Mahindra Scorpio S4,Mahindra,2015,855000,30000,Diesel
244,Hyundai i20 Active,Hyundai,2015,535000,37000,Diesel
245,Mini Cooper S,Mini,2013,1891111,13000,Petrol
246,Maruti Suzuki Ciaz,Maruti,2017,699000,14000,Petrol
247,Chevrolet Tavera Neo,Chevrolet,2013,375000,55000,Diesel
248,Honda Amaze,Honda,2013,284999,46000,Diesel
249,Hyundai Eon Sportz,Hyundai,2012,178000,30000,Petrol
250,Tata Sumo Gold,Tata,2013,300000,50000,Diesel
251,Maruti Suzuki Wagon,Maruti,2003,90000,45000,Petrol
252,Maruti Suzuki Esteem,Maruti,2006,95000,45000,Petrol
253,Maruti Suzuki Eeco,Maruti,2015,255000,9300,Petrol
254,Chevrolet Enjoy 1.4,Chevrolet,2013,245000,55000,Diesel
255,Hyundai i20 Asta,Hyundai,2012,329500,36200,Diesel
256,Ford Figo Diesel,Ford,2014,195000,50000,Diesel
257,Maruti Suzuki Eeco,Maruti,2015,251111,55000,Petrol
258,Maruti Suzuki Ertiga,Maruti,2014,569999,45000,Petrol
259,Maruti Suzuki Esteem,Maruti,2007,69999,51000,Petrol
260,Maruti Suzuki Ritz,Maruti,2014,299999,19000,Petrol
261,Maruti Suzuki Dzire,Maruti,2009,220000,46000,Petrol
262,Maruti Suzuki Ritz,Maruti,2013,399999,33000,Diesel
263,Maruti Suzuki SX4,Maruti,2010,249999,36000,Petrol
264,Maruti Suzuki Wagon,Maruti,2015,289999,22000,Petrol
265,Mini Cooper S,Mini,2013,1891111,13500,Petrol
266,Nissan Terrano XL,Nissan,2015,499999,60000,Diesel
267,Renault Duster 85,Renault,2013,489999,27000,Diesel
268,Renault Duster 85,Renault,2014,489999,59000,Diesel
269,Renault Duster 85,Renault,2015,549999,19000,Diesel
270,Maruti Suzuki Dzire,Maruti,2013,380000,30000,Petrol
271,Renault Kwid RXT,Renault,2018,325000,15000,Petrol
272,Maruti Suzuki Maruti,Maruti,2003,57000,56758,Petrol
273,Renault Kwid 1.0,Renault,2018,349999,10000,Petrol
274,Renault Lodgy 85,Renault,2018,689999,20000,Diesel
275,Renault Scala RxL,Renault,2014,349999,49000,Diesel
276,Hyundai Grand i10,Hyundai,2014,410000,41000,Petrol
277,Maruti Suzuki Swift,Maruti,2011,225000,45000,Petrol
278,Chevrolet Beat LS,Chevrolet,2010,120000,43000,Petrol
279,Tata Indigo eCS,Tata,2016,320000,175430,Diesel
280,Hyundai Santro Xing,Hyundai,2000,59000,56450,Petrol
281,Hyundai Fluidic Verna,Hyundai,2015,540000,38000,Diesel
282,Chevrolet Beat LS,Chevrolet,2010,80000,56000,Petrol
283,Mahindra Quanto C8,Mahindra,2013,340000,37000,Diesel
284,Fiat Petra ELX,Fiat,2008,75000,65000,Petrol
285,Chevrolet Beat LS,Chevrolet,2015,220000,32700,Petrol
286,Skoda Fabia 1.2L,Skoda,2011,159500,38200,Diesel
287,Ford EcoSport Titanium,Ford,2016,599000,30000,Diesel
288,Hyundai Accent GLX,Hyundai,2006,80000,56000,Petrol
290,Mahindra TUV300 T4,Mahindra,2016,675000,9000,Diesel
291,Mini Cooper S,Mini,2013,1891111,13000,Petrol
292,Mini Cooper S,Mini,2013,1891111,13000,Petrol
293,Tata Indica V2,Tata,2008,150000,11000,Petrol
294,Mini Cooper S,Mini,2013,1891111,13000,Petrol
295,Tata Indigo CS,Tata,2009,72500,46000,Diesel
296,Maruti Suzuki Swift,Maruti,2019,610000,73,Petrol
297,Mahindra Scorpio VLX,Mahindra,2004,230000,160000,Diesel
299,Honda Accord,Honda,2009,175000,58559,Petrol
300,Mahindra Scorpio S4,Mahindra,2015,855000,30000,Diesel
301,Chevrolet Tavera Neo,Chevrolet,2013,375000,55000,Diesel
302,Ford EcoSport Titanium,Ford,2014,520000,57000,Diesel
303,Maruti Suzuki Ertiga,Maruti,2015,524999,50000,Diesel
304,Honda Amaze,Honda,2014,299999,37000,Petrol
305,Maruti Suzuki Dzire,Maruti,2012,299999,40000,Petrol
306,Honda City,Honda,2011,284999,55000,Petrol
307,Mahindra Scorpio 2.6,Mahindra,2007,220000,170000,Diesel
308,Maruti Suzuki Dzire,Maruti,2014,424999,55000,Diesel
309,Honda City,Honda,2015,644999,39000,Petrol
310,Honda Mobilio,Honda,2014,399999,44000,Petrol
311,Toyota Corolla Altis,Toyota,2009,199999,65000,Petrol
312,Honda City,Honda,2014,584999,39000,Petrol
313,Skoda Laura,Skoda,2012,349999,44000,Diesel
314,Renault Duster,Renault,2015,449999,49000,Diesel
315,Maruti Suzuki Ertiga,Maruti,2018,799999,9000,Diesel
316,Maruti Suzuki Dzire,Maruti,2015,444999,45000,Diesel
317,Mahindra XUV500,Mahindra,2014,649999,47000,Diesel
318,Hyundai Verna Fluidic,Hyundai,2012,444999,40000,Diesel
319,Maruti Suzuki Vitara,Maruti,2016,689999,29000,Diesel
320,Maruti Suzuki Wagon,Maruti,2016,344999,15000,Petrol
321,Mahindra Scorpio,Mahindra,2015,944999,45000,Diesel
322,Honda Amaze,Honda,2014,274999,35000,Petrol
323,Mahindra XUV500,Mahindra,2013,689999,80000,Diesel
324,Mahindra Scorpio,Mahindra,2013,574999,68000,Diesel
325,Skoda Laura,Skoda,2013,374999,50000,Diesel
326,Volkswagen Polo,Volkswagen,2010,199999,60000,Diesel
327,Hyundai Elite i20,Hyundai,2016,549999,9000,Petrol
328,Tata Manza Aura,Tata,2012,130000,72000,Diesel
329,Chevrolet Sail UVA,Chevrolet,2013,210000,60000,Petrol
330,Renault Duster 110,Renault,2012,501000,38000,Diesel
331,Hyundai Verna Fluidic,Hyundai,2013,401000,45000,Diesel
332,Audi A4 2.0,Audi,2012,1350000,40000,Diesel
333,Hyundai Elantra SX,Hyundai,2013,600000,20000,Petrol
334,Mahindra Scorpio VLX,Mahindra,2013,610000,35000,Diesel
335,Mahindra KUV100 K8,Mahindra,2016,400000,20000,Diesel
336,Renault Scala RxL,Renault,2015,375000,25000,Diesel
337,Mahindra Quanto C8,Mahindra,2013,375000,20000,Diesel
338,Hyundai Grand i10,Hyundai,2014,365000,20000,Petrol
339,Hyundai i20 Active,Hyundai,2015,500000,18000,Petrol
340,Mahindra Xylo E4,Mahindra,2012,400000,35000,Diesel
341,Hyundai Grand i10,Hyundai,2017,524999,6821,Petrol
342,Hyundai i20,Hyundai,2014,449999,23000,Petrol
343,Hyundai Eon,Hyundai,2014,174999,14000,Petrol
344,Hyundai i10,Hyundai,2012,244999,38000,Petrol
345,Hyundai i20 Active,Hyundai,2015,574999,35000,Diesel
346,Datsun Redi GO,Datsun,2017,244999,22000,Petrol
347,Toyota Etios Liva,Toyota,2011,239999,41000,Petrol
348,Hyundai Accent,Hyundai,2010,99999,45000,Petrol
349,Hyundai Verna,Hyundai,2014,489999,44000,Diesel
350,Maruti Suzuki Swift,Maruti,2013,324999,45000,Diesel
351,Toyota Fortuner,Toyota,2011,1074999,52000,Diesel
352,Hyundai i10 Sportz,Hyundai,2012,230000,34000,Petrol
353,Mahindra Bolero Power,Mahindra,2018,699000,1800,Diesel
354,Mahindra XUV500,Mahindra,2015,1000000,15000,Diesel
355,Honda City 1.5,Honda,2010,240000,400000,Petrol
356,Chevrolet Spark LT,Chevrolet,2009,110000,44000,Petrol
357,Mahindra Jeep MM,Mahindra,2019,390000,60,Diesel
358,Renault Duster 110PS,Renault,2012,501000,35000,Diesel
359,Mahindra XUV500,Mahindra,2016,1130000,72000,Diesel
360,Tata Indigo eCS,Tata,2014,250000,40000,Diesel
361,Mahindra Bolero SLE,Mahindra,2013,330000,80200,Diesel
362,Force Motors Force,Force,2015,580000,3200,Diesel
363,Skoda Rapid Elegance,Skoda,2013,340000,48000,Diesel
364,Tata Vista Quadrajet,Tata,2011,120000,90000,Diesel
365,Maruti Suzuki Alto,Maruti,2015,265000,12000,Petrol
366,Maruti Suzuki SX4,Maruti,2012,265000,46000,Diesel
367,Maruti Suzuki Zen,Maruti,2003,85000,69900,Petrol
368,Mahindra Jeep CL550,Mahindra,2019,379000,0,Diesel
369,Hyundai i10 Magna,Hyundai,2011,175000,45000,Petrol
370,Maruti Suzuki Alto,Maruti,2015,219000,5000,Petrol
371,Maruti Suzuki Swift,Maruti,2016,350000,166000,Diesel
372,Honda City ZX,Honda,2008,149000,42000,Petrol
373,Mahindra Jeep CL550,Mahindra,2018,385000,588,Diesel
374,Mahindra Jeep MM,Mahindra,2006,425000,122,Diesel
375,Chevrolet Beat Diesel,Chevrolet,2017,150000,62000,Diesel
376,Honda City 1.5,Honda,2010,225000,70000,Petrol
377,Hyundai Verna 1.4,Hyundai,2014,375000,36000,Petrol
378,Toyota Innova 2.5,Toyota,2012,770000,0,Diesel
380,Maruti Suzuki Maruti,Maruti,1995,30000,55000,Petrol
381,Toyota Etios,Toyota,2011,275000,36000,Diesel
382,Volkswagen Polo,Volkswagen,2015,330000,38000,Diesel
383,Maruti Suzuki Swift,Maruti,2014,335000,55000,Diesel
384,Hyundai Elite i20,Hyundai,2015,450000,20000,Diesel
385,Maruti Suzuki Swift,Maruti,2012,225000,40000,Petrol
386,Maruti Suzuki Versa,Maruti,2004,80000,50000,Petrol
387,Tata Indigo LX,Tata,2016,130000,104000,Diesel
388,Volkswagen Vento Konekt,Volkswagen,2011,245000,65000,Diesel
389,Mercedes Benz C,Mercedes,2002,399000,41000,Petrol
390,Maruti Suzuki Ertiga,Maruti,2013,450000,90000,Diesel
391,Honda City,Honda,2000,65000,80000,Petrol
392,Hyundai Santro Xing,Hyundai,2006,75000,46000,Petrol
393,Maruti Suzuki Omni,Maruti,2001,70000,70000,Petrol
394,Hyundai Sonata Transform,Hyundai,2017,190000,36469,Diesel
395,Hyundai Elite i20,Hyundai,2018,600000,7800,Petrol
396,Volkswagen Vento Konekt,Volkswagen,2011,245000,65000,Diesel
397,Maruti Suzuki Alto,Maruti,2017,240000,60000,Petrol
398,Maruti Suzuki Alto,Maruti,2011,155000,32000,Petrol
399,Honda Jazz S,Honda,2009,169999,24695,Petrol
400,Hyundai Grand i10,Hyundai,2017,450000,15141,Petrol
401,Maruti Suzuki Zen,Maruti,2001,40000,40000,Petrol
402,Mahindra Scorpio W,Mahindra,2012,165000,65000,Diesel
403,Maruti Suzuki Alto,Maruti,2014,270000,22000,Petrol
404,Hyundai Grand i10,Hyundai,2016,280000,59910,Diesel
405,Mahindra XUV500 W8,Mahindra,2012,560000,100000,Diesel
406,Hyundai Creta 1.6,Hyundai,2016,950000,25000,Petrol
407,Hyundai i20 Magna,Hyundai,2013,310000,35000,Petrol
408,Renault Duster 85,Renault,2015,715000,65000,Diesel
409,Hyundai Grand i10,Hyundai,2014,340000,35000,Petrol
410,Honda Brio V,Honda,2012,235000,33000,Petrol
411,Mahindra TUV300 T4,Mahindra,2017,610000,68000,Diesel
412,Chevrolet Spark LS,Chevrolet,2010,95000,23000,Petrol
413,Mahindra TUV300 T8,Mahindra,2018,1000000,4500,Diesel
414,Maruti Suzuki Swift,Maruti,2015,220000,129000,Diesel
415,Nissan X Trail,Nissan,2019,1200000,300,Diesel
416,Maruti Suzuki Alto,Maruti,2015,230000,5000,Petrol
417,Ford Ikon 1.3,Ford,2001,45000,65000,Petrol
418,Toyota Fortuner 3.0,Toyota,2010,940000,131000,Diesel
419,Tata Manza ELAN,Tata,2010,155555,111111,Petrol
420,Mercedes Benz A,Mercedes,2013,1500000,14000,Petrol
421,Chevrolet Beat LS,Chevrolet,2016,210000,22000,Diesel
422,Ford EcoSport Trend,Ford,2013,495000,38000,Diesel
423,Tata Indigo LS,Tata,2016,125000,70000,Diesel
424,Hyundai i20 Magna,Hyundai,2010,195000,36000,Petrol
425,Volkswagen Vento Highline,Volkswagen,2015,550000,34000,Diesel
426,Renault Kwid RXT,Renault,2015,270000,43000,Petrol
427,Ford EcoSport Titanium,Ford,2014,500000,40000,Diesel
428,Honda Amaze 1.5,Honda,2016,240000,160000,Diesel
429,Hyundai Verna 1.6,Hyundai,2017,800000,12000,Petrol
430,BMW 5 Series,BMW,2011,1299000,49000,Diesel
431,Skoda Superb 1.8,Skoda,2011,530000,68000,Petrol
432,Audi Q3 2.0,Audi,2013,1499000,37000,Diesel
433,Mahindra Bolero DI,Mahindra,2012,220000,59466,Diesel
435,Mahindra Scorpio S10,Mahindra,2015,900000,97200,Diesel
436,Ford Figo Duratorq,Ford,2012,250000,99000,Diesel
437,Maruti Suzuki Wagon,Maruti,2018,395000,25500,Petrol
438,Mahindra Logan Diesel,Mahindra,2009,130000,66000,Petrol
439,Tata Nano GenX,Tata,2010,32000,44005,Petrol
440,Mahindra TUV300 T4,Mahindra,2016,540000,35000,Diesel
441,Mahindra TUV300 T4,Mahindra,2016,540000,35000,Diesel
442,Hyundai Elite i20,Hyundai,2015,405000,28000,Petrol
443,Hyundai Elite i20,Hyundai,2015,400000,30000,Petrol
444,Honda City SV,Honda,2017,760000,4000,Petrol
445,Maruti Suzuki Baleno,Maruti,2016,500000,28000,Petrol
446,Ford Figo Petrol,Ford,2011,175000,75000,Petrol
447,Mahindra Scorpio S10,Mahindra,2015,900000,97200,Diesel
448,Honda City,Honda,2017,750000,3000,Petrol
449,Hyundai Elite i20,Hyundai,2015,419000,20000,Petrol
450,Maruti Suzuki Versa,Maruti,2004,90000,50000,Petrol
451,Hyundai Eon Era,Hyundai,2018,140000,2110,Petrol
452,Mitsubishi Pajero Sport,Mitsubishi,2015,1540000,43222,Petrol
453,Hyundai i10 Magna,Hyundai,2008,275000,100200,Petrol
454,Toyota Corolla H2,Toyota,2003,150000,100000,Petrol
455,Maruti Suzuki Swift,Maruti,2011,230000,65,Petrol
456,Tata Indigo CS,Tata,2015,123000,100000,Diesel
457,Mahindra Scorpio S10,Mahindra,2015,900000,97200,Diesel
458,Mahindra Scorpio S10,Mahindra,2015,900000,97200,Diesel
459,Hyundai Xcent Base,Hyundai,2016,300000,140000,Diesel
460,Honda City,Honda,2015,499999,55000,Petrol
461,Hyundai Accent Executive,Hyundai,2009,165000,48000,Petrol
462,Maruti Suzuki Baleno,Maruti,2016,498000,22000,Petrol
463,Tata Zest XE,Tata,2018,480000,103553,Diesel
464,Maruti Suzuki Dzire,Maruti,2017,488000,80000,Diesel
465,Tata Sumo Gold,Tata,2014,250000,99000,Diesel
466,Toyota Corolla Altis,Toyota,2010,220000,58000,Petrol
467,Maruti Suzuki Eeco,Maruti,2013,290000,70000,LPG
468,Toyota Fortuner 3.0,Toyota,2015,1525000,120000,Diesel
469,Mahindra XUV500 W6,Mahindra,2013,548900,49800,Diesel
470,Tata Tigor Revotron,Tata,2019,650000,100,Diesel
471,Maruti Suzuki 800,Maruti,2001,55000,81876,Petrol
472,Maruti Suzuki Ertiga,Maruti,2015,550000,75000,Petrol
473,Maruti Suzuki Versa,Maruti,2004,90000,50000,Petrol
474,Honda Mobilio S,Honda,2014,399000,44000,Diesel
475,Maruti Suzuki Ertiga,Maruti,2016,730000,55000,Diesel
476,Maruti Suzuki Vitara,Maruti,2017,725000,36000,Diesel
477,Hyundai Verna 1.6,Hyundai,2016,195000,56000,Diesel
478,Maruti Suzuki Swift,Maruti,2007,130000,62000,Petrol
479,Toyota Fortuner 3.0,Toyota,2015,1525000,120000,Diesel
480,Maruti Suzuki Omni,Maruti,2014,190000,6020,Petrol
481,Honda Amaze,Honda,2013,250000,55700,Diesel
482,Tata Indica,Tata,2005,80000,42000,Petrol
483,Hyundai Santro Xing,Hyundai,2003,120000,50000,Petrol
484,Maruti Suzuki Zen,Maruti,2010,149000,35000,Petrol
485,Maruti Suzuki Wagon,Maruti,2014,250000,18500,Petrol
486,Maruti Suzuki Wagon,Maruti,2007,120000,7000,Petrol
487,Honda Brio VX,Honda,2017,450000,11000,Petrol
489,Maruti Suzuki Zen,Maruti,2003,99999,53000,Petrol
490,Maruti Suzuki Zen,Maruti,2008,135000,23000,Petrol
491,Maruti Suzuki Wagon,Maruti,2016,225000,35500,Diesel
492,Maruti Suzuki Alto,Maruti,2010,99000,22134,Petrol
493,Renault Kwid RXT,Renault,2019,370000,1000,Petrol
494,Tata Nano Lx,Tata,2010,52000,9000,Petrol
495,Jaguar XE XE,Jaguar,2016,2800000,8500,Petrol
497,Hyundai Eon Magna,Hyundai,2014,190000,35000,Petrol
498,Honda City 1.5,Honda,2014,499000,22000,Petrol
499,Hindustan Motors Ambassador,Hindustan,2002,90000,25000,Diesel
500,Maruti Suzuki Ritz,Maruti,2010,149000,40000,Petrol
501,Hyundai Grand i10,Hyundai,2017,400000,20000,Petrol
502,Hyundai Eon D,Hyundai,2016,120000,87000,Petrol
503,Maruti Suzuki Swift,Maruti,2015,250000,55000,Petrol
504,Maruti Suzuki Wagon,Maruti,2017,375000,23000,Petrol
505,Honda Amaze 1.2,Honda,2014,381000,6000,Petrol
506,Maruti Suzuki Estilo,Maruti,2013,180000,65000,Petrol
507,Maruti Suzuki Vitara,Maruti,2016,580000,25000,Diesel
508,Maruti Suzuki Eeco,Maruti,2015,278000,39000,Petrol
510,Hyundai Creta 1.6,Hyundai,2016,1000000,8000,Petrol
511,Mahindra Scorpio Vlx,Mahindra,2013,690000,75000,Diesel
512,Maruti Suzuki Ertiga,Maruti,2012,480000,51000,Diesel
513,Mitsubishi Lancer 1.8,Mitsubishi,2006,85000,50000,Petrol
514,Maruti Suzuki Maruti,Maruti,2001,40000,75000,Petrol
515,Maruti Suzuki Alto,Maruti,2015,90000,55800,Petrol
516,Hyundai Grand i10,Hyundai,2015,340000,53000,Petrol
517,Hyundai Eon D,Hyundai,2018,260000,25000,Petrol
518,Ford Fiesta SXi,Ford,2009,250000,56400,Petrol
519,Maruti Suzuki Ritz,Maruti,2010,180000,72160,Diesel
520,Hyundai Verna Fluidic,Hyundai,2012,350000,10000,Diesel
521,Maruti Suzuki Wagon,Maruti,2006,90001,48000,Petrol
522,Maruti Suzuki Estilo,Maruti,2007,115000,36000,Petrol
523,Audi A6 2.0,Audi,2012,1599000,11500,Diesel
524,Maruti Suzuki Wagon,Maruti,2003,130000,133000,Petrol
525,Maruti Suzuki Wagon,Maruti,2009,159000,27000,Petrol
526,Maruti Suzuki Wagon,Maruti,2009,160000,35000,Petrol
527,Maruti Suzuki Alto,Maruti,2010,110000,55000,Petrol
528,Maruti Suzuki Baleno,Maruti,2016,425000,40000,Petrol
529,Hyundai Verna 1.6,Hyundai,2019,900000,2000,Petrol
530,Maruti Suzuki Swift,Maruti,2009,150000,45000,Petrol
531,Hyundai Getz Prime,Hyundai,2009,110000,20000,Petrol
532,Hyundai Santro,Hyundai,2000,51999,88000,Petrol
533,Hyundai Getz Prime,Hyundai,2009,115000,20000,Petrol
534,Chevrolet Beat PS,Chevrolet,2012,215000,65422,Diesel
535,Ford EcoSport Trend,Ford,2017,580000,10000,Petrol
536,Maruti Suzuki Dzire,Maruti,2013,380000,35000,Petrol
537,Hyundai Fluidic Verna,Hyundai,2013,350000,117000,Diesel
538,Tata Indica V2,Tata,2005,35000,150000,Diesel
539,BMW X1 xDrive20d,BMW,2011,1150000,72000,Diesel
540,Hyundai i20 Asta,Hyundai,2010,300000,10750,Petrol
541,Honda City 1.5,Honda,2009,269000,55000,Petrol
542,Tata Nano,Tata,2013,60000,6800,Petrol
543,Chevrolet Cruze LTZ,Chevrolet,2014,400000,41000,Diesel
544,Hyundai Verna Fluidic,Hyundai,2015,430000,73000,Diesel
545,Maruti Suzuki Swift,Maruti,2011,140000,65000,Diesel
546,Mahindra XUV500 W6,Mahindra,2014,8500003,45000,Diesel
547,Mahindra XUV500 W10,Mahindra,2018,1299000,40000,Diesel
548,Maruti Suzuki Alto,Maruti,2014,199000,37000,Petrol
549,Hyundai Accent GLE,Hyundai,2006,90000,55000,Petrol
550,Force Motors One,Force,2013,550000,140000,Diesel
552,Maruti Suzuki Alto,Maruti,2019,265000,9800,Petrol
553,Chevrolet Spark 1.0,Chevrolet,2011,100000,27000,Petrol
554,Hyundai i10,Hyundai,2009,215000,27000,Petrol
555,Toyota Etios Liva,Toyota,2012,380000,20000,Diesel
556,Renault Duster 85PS,Renault,2013,401919,57923,Diesel
557,Chevrolet Enjoy,Chevrolet,2014,490000,30201,Diesel
558,Maruti Suzuki Alto,Maruti,2017,280000,6200,Petrol
559,BMW 5 Series,BMW,2009,650000,37518,Petrol
560,Toyota Etios Liva,Toyota,2014,160000,24652,Petrol
561,Mahindra Jeep MM,Mahindra,2004,424000,383,Diesel
562,Chevrolet Beat LS,Chevrolet,2016,225000,95000,Diesel
563,Chevrolet Cruze LTZ,Chevrolet,2011,350000,35000,Diesel
564,Jeep Wrangler Unlimited,Jeep,2015,950000,3528,Diesel
565,Maruti Suzuki Ertiga,Maruti,2013,485000,52500,Diesel
566,Hyundai Verna VGT,Hyundai,2010,205000,47900,Diesel
567,Maruti Suzuki Omni,Maruti,2012,160000,14000,Petrol
568,Maruti Suzuki Celerio,Maruti,2018,310000,37000,Petrol
569,Tata Zest Quadrajet,Tata,2017,180000,90000,Diesel
570,Mahindra XUV500 W6,Mahindra,2013,549900,52800,Diesel
571,Tata Indigo CS,Tata,2016,150000,104000,Diesel
572,Hyundai i10 Era,Hyundai,2011,175000,30000,Petrol
573,Tata Indigo eCS,Tata,2014,95000,195000,Diesel
574,Tata Indigo LX,Tata,2016,230000,104000,Diesel
575,Tata Indigo eCS,Tata,2016,230000,104000,Diesel
576,Tata Indigo Marina,Tata,2004,180000,70000,Diesel
577,Hyundai Xcent SX,Hyundai,2015,400000,43000,Diesel
578,Hyundai Eon Magna,Hyundai,2013,185000,23000,Petrol
579,Renault Duster 85,Renault,2015,385000,51000,Diesel
580,Maruti Suzuki Alto,Maruti,2009,90000,62000,Petrol
581,Tata Nano LX,Tata,2010,32000,48008,Petrol
582,Renault Duster 110,Renault,2013,435000,39000,Diesel
583,Maruti Suzuki Wagon,Maruti,2010,225000,40000,Petrol
584,Maruti Suzuki Swift,Maruti,2006,189700,48247,Petrol
585,Maruti Suzuki Ertiga,Maruti,2012,389700,39000,Diesel
586,Maruti Suzuki Swift,Maruti,2014,365000,23000,Petrol
587,Maruti Suzuki Alto,Maruti,2017,360000,9400,Petrol
588,Hyundai i20 Magna,Hyundai,2010,210000,50000,Petrol
589,Hyundai i10 Magna,Hyundai,2009,170000,75000,Petrol
590,Tata Zest XE,Tata,2017,380000,70000,Diesel
591,Mahindra Xylo E8,Mahindra,2009,295000,64000,Diesel
592,Toyota Corolla Altis,Toyota,2010,185000,55000,Petrol
593,Tata Manza Aqua,Tata,2014,160000,200000,Diesel
595,Renault Kwid 1.0,Renault,2018,290000,2137,Petrol
596,Tata Venture EX,Tata,2013,100000,30000,Diesel
597,Maruti Suzuki Swift,Maruti,2014,315000,44000,Petrol
599,Skoda Octavia Classic,Skoda,2006,114990,65000,Diesel
600,Maruti Suzuki Omni,Maruti,2012,120000,160000,LPG
601,Chevrolet Beat Diesel,Chevrolet,2011,125000,56000,Diesel
602,Tata Sumo Gold,Tata,2012,210000,75000,Diesel
603,Hyundai Verna 1.6,Hyundai,2018,855000,42000,Diesel
604,Tata Sumo Gold,Tata,2012,210000,75000,Diesel
605,Mahindra Scorpio 2.6,Mahindra,2007,260000,56000,Diesel
606,Maruti Suzuki Zen,Maruti,2002,95000,10544,Petrol
607,Maruti Suzuki Swift,Maruti,2011,255000,64000,Petrol
608,Mahindra Scorpio SLX,Mahindra,2008,300000,70000,Diesel
609,Hyundai Grand i10,Hyundai,2014,340000,25000,Petrol
610,Hyundai Elite i20,Hyundai,2017,550000,15000,Petrol
611,Ford Ikon 1.6,Ford,2003,60000,50000,Petrol
613,Toyota Innova 2.5,Toyota,2011,750000,147000,Diesel
614,Nissan Sunny XL,Nissan,2011,230000,52000,Petrol
615,Chevrolet Beat LT,Chevrolet,2012,130000,90001,Diesel
616,Maruti Suzuki Alto,Maruti,2017,270000,21000,Petrol
617,Maruti Suzuki Swift,Maruti,2012,280000,48006,Diesel
618,Maruti Suzuki Swift,Maruti,2012,280000,48006,Diesel
619,Maruti Suzuki Swift,Maruti,2012,280000,48006,Diesel
620,Toyota Innova 2.0,Toyota,2012,600000,80000,Diesel
621,Maruti Suzuki Swift,Maruti,2010,190000,74000,Diesel
622,Hyundai Elite i20,Hyundai,2015,500000,22000,Petrol
623,Mahindra XUV500 W10,Mahindra,2016,1065000,41000,Diesel
624,Volkswagen Polo Trendline,Volkswagen,2015,350000,25000,Diesel
625,Toyota Etios Liva,Toyota,2012,350000,85000,Diesel
626,Mahindra TUV300 T4,Mahindra,2016,540000,29500,Diesel
627,Hyundai Elite i20,Hyundai,2015,470000,30000,Petrol
628,Hyundai Santro Xing,Hyundai,2014,179000,57000,Petrol
629,Maruti Suzuki Zen,Maruti,2003,48000,60000,Petrol
630,Maruti Suzuki Ciaz,Maruti,2016,650000,50000,Petrol
631,Hyundai Eon Era,Hyundai,2013,190000,39700,Petrol
632,Hyundai Elantra 1.8,Hyundai,2012,500000,65000,Petrol
633,Maruti Suzuki Swift,Maruti,2010,270000,67000,Diesel
634,Maruti Suzuki Zen,Maruti,2008,125000,46000,Petrol
635,Hyundai Eon Era,Hyundai,2012,188000,38000,Petrol
636,Hyundai Grand i10,Hyundai,2016,380000,27000,Petrol
637,Hyundai Verna Fluidic,Hyundai,2011,365000,43000,Diesel
638,Ford EcoSport Trend,Ford,2014,465000,47000,Petrol
639,Hyundai i20 Magna,Hyundai,2011,240000,42000,Petrol
640,Chevrolet Beat Diesel,Chevrolet,2016,179999,19336,Diesel
641,Tata Indica eV2,Tata,2015,140000,60105,Diesel
642,Jaguar XF 2.2,Jaguar,2013,2190000,29000,Diesel
643,Audi Q5 2.0,Audi,2014,2390000,34000,Diesel
644,BMW 3 Series,BMW,2011,1075000,35000,Diesel
645,Maruti Suzuki Swift,Maruti,2015,475000,22000,Petrol
646,BMW X1 sDrive20d,BMW,2012,1025000,41000,Diesel
647,Maruti Suzuki S,Maruti,2016,615000,21000,Diesel
648,Maruti Suzuki Ertiga,Maruti,2013,475000,48000,Diesel
649,Maruti Suzuki Alto,Maruti,2016,270000,38000,Petrol
650,Honda City SV,Honda,2014,475000,34000,Diesel
651,Volkswagen Vento Comfortline,Volkswagen,2011,240000,45933,Petrol
652,Honda City 1.5,Honda,2005,120000,68000,Petrol
653,Audi A4 2.0,Audi,2016,1900000,44000,Diesel
654,Mahindra KUV100,Mahindra,2017,360000,35000,Diesel
655,Tata Zest XE,Tata,2018,450000,102563,Diesel
656,Mahindra XUV500 W8,Mahindra,2015,900000,28600,Diesel
657,Maruti Suzuki Swift,Maruti,2017,650000,41800,Diesel
658,Tata Sumo Gold,Tata,2014,275000,116000,Diesel
659,Maruti Suzuki Swift,Maruti,2009,210000,59000,Petrol
660,Mahindra Scorpio 2.6,Mahindra,2004,175000,58000,Diesel
661,Maruti Suzuki Omni,Maruti,2009,85000,45000,Petrol
662,Mitsubishi Pajero Sport,Mitsubishi,2015,1490000,42590,Diesel
663,Renault Duster,Renault,2014,800000,7400,Diesel
664,Volkswagen Jetta Comfortline,Volkswagen,2009,450000,54500,Diesel
665,Maruti Suzuki Ertiga,Maruti,2012,1000000,200000,Diesel
666,Audi A4 2.0,Audi,2013,1510000,27000,Diesel
667,Volvo S80 Summum,Volvo,2015,1850000,42000,Diesel
668,Toyota Corolla Altis,Toyota,2014,790000,29000,Petrol
669,Mitsubishi Pajero Sport,Mitsubishi,2015,1725000,37000,Diesel
670,Chevrolet Beat LT,Chevrolet,2012,135000,36000,Petrol
671,BMW X1,BMW,2011,1000000,34000,Diesel
672,Datsun Redi GO,Datsun,2018,299999,7000,Petrol
673,Mercedes Benz C,Mercedes,2009,1225000,76000,Diesel
674,Mahindra Scorpio SLX,Mahindra,2004,175000,60000,Diesel
675,Volkswagen Vento Comfortline,Volkswagen,2011,200000,95000,Diesel
676,Tata Indigo CS,Tata,2017,270000,50000,Diesel
677,Ford Figo Petrol,Ford,2019,525000,0,Petrol
678,Honda City ZX,Honda,2006,180000,50000,Petrol
679,Maruti Suzuki Wagon,Maruti,2008,140000,68000,Petrol
680,Ford EcoSport Trend,Ford,2014,400000,16000,Petrol
681,Maruti Suzuki Swift,Maruti,2016,499000,51000,Diesel
682,Maruti Suzuki Omni,Maruti,2009,85000,56000,Petrol
683,Maruti Suzuki Zen,Maruti,2004,70000,100000,Petrol
684,Renault Duster RxL,Renault,2015,550000,36000,Petrol
685,Maruti Suzuki Swift,Maruti,2014,370000,11523,Petrol
686,Maruti Suzuki Baleno,Maruti,2018,690000,1000,Petrol
687,Honda WR V,Honda,2009,250000,60000,Petrol
688,Tata Indigo CS,Tata,2016,110000,85000,Diesel
689,Renault Duster 110,Renault,2013,490000,38600,Diesel
690,Mahindra Scorpio LX,Mahindra,2009,320000,95500,Diesel
691,Maruti Suzuki Zen,Maruti,2004,68000,56000,Petrol
692,Maruti Suzuki Wagon,Maruti,2014,130000,37458,Petrol
693,Maruti Suzuki SX4,Maruti,2016,970000,85960,Diesel
694,Audi A3 Cabriolet,Audi,2015,3100000,12516,Petrol
695,Hyundai Eon D,Hyundai,2018,280000,35000,Petrol
696,Maruti Suzuki Zen,Maruti,2009,125000,0,Petrol
697,Mahindra Scorpio SLX,Mahindra,2008,285000,80000,Diesel
698,Hyundai Santro AE,Hyundai,2011,165000,45000,Petrol
699,Maruti Suzuki Swift,Maruti,2009,250000,51000,Diesel
700,Mahindra Scorpio S4,Mahindra,2015,865000,30000,Diesel
701,Mahindra Xylo D2,Mahindra,2011,390000,48000,Diesel
702,Hyundai Santro,Hyundai,2003,60000,51000,Petrol
703,Chevrolet Beat LT,Chevrolet,2015,215000,90000,Diesel
704,Maruti Suzuki Swift,Maruti,2015,475000,43000,Diesel
705,Mahindra XUV500 W8,Mahindra,2015,899000,53000,Diesel
706,Toyota Fortuner 3.0,Toyota,2013,1499000,97000,Diesel
707,Maruti Suzuki Alto,Maruti,2013,240000,20000,Petrol
708,Hyundai Getz GLE,Hyundai,2007,99000,55000,Petrol
709,Maruti Suzuki Swift,Maruti,2014,260000,120000,Diesel
710,Hyundai Creta 1.6,Hyundai,2019,1200000,0,Petrol
711,Hyundai Santro Xing,Hyundai,2007,115000,46000,Petrol
712,Hyundai Santro Xing,Hyundai,2009,88000,43200,Petrol
713,Mahindra Xylo D2,Mahindra,2011,390000,56000,Diesel
714,Hyundai Santro Xing,Hyundai,2007,135000,42000,Petrol
715,Tata Indica V2,Tata,2009,90000,30600,Diesel
716,Hyundai i10 Sportz,Hyundai,2011,220000,38000,Petrol
717,Hyundai Grand i10,Hyundai,2017,424999,2550,Petrol
718,Hyundai Santro Xing,Hyundai,2007,135000,47000,Petrol
719,Honda City 1.5,Honda,2005,95000,41000,Petrol
720,Nissan Micra XL,Nissan,2017,430000,62500,Diesel
721,Honda City 1.5,Honda,2005,115000,68000,Petrol
722,Maruti Suzuki Alto,Maruti,2015,215000,50000,Petrol
723,Maruti Suzuki Wagon,Maruti,2004,53000,69000,Petrol
724,Maruti Suzuki Ertiga,Maruti,2012,500000,48000,Diesel
725,Tata Indica eV2,Tata,2012,85000,55000,Diesel
726,Maruti Suzuki Omni,Maruti,2013,165000,25000,Petrol
727,Hyundai Eon Era,Hyundai,2014,200000,28400,Petrol
728,Hyundai Eon,Hyundai,2014,200000,28000,Petrol
729,Maruti Suzuki Swift,Maruti,2015,425000,42000,Diesel
730,Hyundai Verna 1.6,Hyundai,2012,600000,29000,Diesel
731,Chevrolet Tavera LS,Chevrolet,2005,130000,68485,Diesel
732,Tata Tiago Revotron,Tata,2018,430000,3500,Petrol
733,Tata Tiago Revotorq,Tata,2019,568500,0,Petrol
735,Maruti Suzuki Zen,Maruti,2006,71000,32000,Petrol
736,Mahindra KUV100 K8,Mahindra,2018,560000,8000,Diesel
737,Ford EcoSport Titanium,Ford,2014,590000,34000,Diesel
738,Hindustan Motors Ambassador,Hindustan,1995,750000,37000,Petrol
739,Ford Fusion 1.4,Ford,2007,125000,85455,Diesel
740,Hyundai Santro Xing,Hyundai,2007,135000,46000,Petrol
741,Hyundai Santro,Hyundai,2002,60000,47000,Petrol
742,Fiat Linea Emotion,Fiat,2009,120000,64000,Petrol
743,Ford Ikon 1.3,Ford,2008,95000,46000,Petrol
744,Maruti Suzuki Omni,Maruti,2017,240000,8000,Petrol
745,Tata Indica V2,Tata,2012,115000,64000,Diesel
746,Mahindra Scorpio S4,Mahindra,2015,795000,63000,Diesel
747,Hyundai Santro Xing,Hyundai,2007,55000,65000,Petrol
748,Mahindra Xylo D2,Mahindra,2009,300000,62000,Diesel
749,Hyundai Grand i10,Hyundai,2014,320000,41000,Petrol
750,Maruti Suzuki Alto,Maruti,2015,265000,14000,Petrol
751,Toyota Corolla,Toyota,2006,160000,40000,Petrol
752,Hyundai Eon Magna,Hyundai,2017,300000,1600,Petrol
753,Tata Sumo Grande,Tata,2010,130000,90000,Diesel
754,Maruti Suzuki Swift,Maruti,2011,250000,58000,Diesel
755,Volkswagen Polo Highline1.2L,Volkswagen,2013,380000,27000,Petrol
756,Maruti Suzuki Alto,Maruti,2003,42000,60000,Petrol
757,Tata Tiago Revotron,Tata,2017,400000,31000,Petrol
758,Maruti Suzuki Swift,Maruti,2009,120000,90000,Diesel
759,Maruti Suzuki Swift,Maruti,2009,120000,90000,Diesel
760,Tata Indigo eCS,Tata,2016,130000,150000,Diesel
761,Chevrolet Beat LS,Chevrolet,2014,189000,31000,Diesel
762,Mahindra Xylo E8,Mahindra,2011,365000,43000,Diesel
763,Hyundai Eon D,Hyundai,2013,170000,20000,Petrol
764,Tata Sumo Gold,Tata,2013,215000,100000,Petrol
765,Tata Nano,Tata,2013,60000,7000,Petrol
766,Hyundai Elite i20,Hyundai,2017,599999,31000,Petrol
767,Hyundai i10 Magna,Hyundai,2009,400000,33000,Petrol
768,Hyundai Creta,Hyundai,2016,900000,60000,Diesel
769,Volkswagen Polo,Volkswagen,2013,299999,48000,Diesel
770,Maruti Suzuki Dzire,Maruti,2014,374999,33000,Petrol
771,Tata Bolt XM,Tata,2015,600000,15000,Petrol
772,Maruti Suzuki Alto,Maruti,2005,70000,47000,Petrol
773,Maruti Suzuki Alto,Maruti,2005,100000,40000,Petrol
775,Maruti Suzuki Ritz,Maruti,2010,150000,38000,Diesel
776,Maruti Suzuki Alto,Maruti,2017,225000,12500,Petrol
777,Maruti Suzuki Dzire,Maruti,2009,210000,42000,Petrol
779,Hyundai i20 Asta,Hyundai,2014,425000,31000,Petrol
780,Maruti Suzuki Swift,Maruti,2008,162000,60000,Diesel
781,Tata Indica V2,Tata,2005,60000,80000,Diesel
782,Mahindra Scorpio VLX,Mahindra,2014,650000,77000,Diesel
783,Toyota Innova 2.5,Toyota,2012,750000,75000,Diesel
784,Mahindra Xylo E8,Mahindra,2010,375000,40000,Diesel
785,Hyundai i20 Magna,Hyundai,2011,230000,47000,Petrol
786,Maruti Suzuki Omni,Maruti,2000,35999,60000,Petrol
787,Mahindra KUV100,Mahindra,2016,380000,26500,Petrol
788,Mahindra KUV100 K8,Mahindra,2019,560000,2875,Petrol
789,Datsun Go Plus,Datsun,2016,285000,13900,Petrol
790,Ford Endeavor 4x4,Ford,2019,2900000,9000,Diesel
791,Tata Indica V2,Tata,2005,39999,80000,Diesel
792,Hyundai Santro Xing,Hyundai,2006,85000,60000,Petrol
793,Maruti Suzuki Wagon,Maruti,2016,395000,20000,Petrol
794,Maruti Suzuki Swift,Maruti,2008,175000,58000,Diesel
795,Maruti Suzuki Alto,Maruti,2019,400000,1500,Petrol
796,Toyota Innova 2.5,Toyota,2011,750000,75000,Diesel
797,Maruti Suzuki Alto,Maruti,2016,250000,2450,Petrol
798,Maruti Suzuki Alto,Maruti,2019,425000,1625,Petrol
800,Volkswagen Polo Highline1.2L,Volkswagen,2017,525000,45000,Petrol
801,Mahindra Logan,Mahindra,2009,130000,65000,Diesel
802,Maruti Suzuki 800,Maruti,2000,30000,33400,Petrol
803,Mahindra Scorpio,Mahindra,2011,475000,60123,Diesel
804,Chevrolet Sail 1.2,Chevrolet,2013,300000,28000,Petrol
806,Hyundai Santro AE,Hyundai,2003,60000,70000,Petrol
807,Maruti Suzuki Wagon,Maruti,2006,100000,7000,Petrol
808,Hyundai Eon,Hyundai,2018,260000,25000,Petrol
809,Tata Manza,Tata,2015,100000,100000,Diesel
811,Toyota Etios G,Toyota,2013,265000,42000,Petrol
812,Hyundai Getz Prime,Hyundai,2009,115000,20000,Petrol
813,Toyota Qualis,Toyota,2003,180000,100000,Diesel
814,Hyundai Santro Xing,Hyundai,2004,45000,137495,Petrol
815,Tata Indica eV2,Tata,2016,50500,91200,Diesel
816,Honda City 1.5,Honda,2009,270000,55000,Petrol
817,Tata Zest XE,Tata,2017,290000,120000,Diesel
818,Mahindra Quanto C4,Mahindra,2013,325000,63000,Diesel
819,Tata Indigo eCS,Tata,2016,160000,104000,Diesel
820,Maruti Suzuki Swift,Maruti,2016,350000,146000,Diesel
821,Hyundai Elite i20,Hyundai,2011,290000,40000,Petrol
822,Hyundai i20 Select,Hyundai,2011,290000,40000,Petrol
823,Chevrolet Tavera Neo,Chevrolet,2007,465000,100800,Diesel
824,Maruti Suzuki Dzire,Maruti,2016,325000,150000,Diesel
825,Hyundai Elite i20,Hyundai,2018,510000,2100,Petrol
826,Honda City VX,Honda,2016,860000,95000,Petrol
827,Maruti Suzuki Dzire,Maruti,2016,450000,2500,Diesel
828,Hyundai Getz,Hyundai,2006,125000,80000,Petrol
829,Mercedes Benz C,Mercedes,2006,500001,15000,Petrol
830,Maruti Suzuki Alto,Maruti,2005,95000,65000,Petrol
831,Maruti Suzuki Swift,Maruti,2009,250000,51000,Diesel
832,Skoda Fabia,Skoda,2009,110000,45000,Petrol
834,Maruti Suzuki Ritz,Maruti,2011,270000,50000,Petrol
835,Tata Indica V2,Tata,2009,110000,30000,Diesel
836,Toyota Corolla Altis,Toyota,2009,300000,132000,Petrol
837,Tata Zest XM,Tata,2018,260000,27000,Diesel
838,Mahindra Quanto C8,Mahindra,2013,390000,40000,Diesel
